{"cameraMode":{"drawMode":0,"name":"Shaded","section":"Shading Mode"},"sceneLighting":true,"audioPlay":false,"sceneViewState":{"m_AlwaysRefresh":false,"showFog":true,"showSkybox":true,"showFlares":true,"showImageEffects":true,"showParticleSystems":true,"showVisualEffectGraphs":true,"m_FxEnabled":true},"in2DMode":false,"pivot":{"x":2.3394203186035158,"y":10.199161529541016,"z":-11.548377990722657},"rotation":{"x":-0.18884222209453584,"y":0.40345337986946108,"z":-0.085504449903965,"w":-0.8912220001220703},"size":28.614036560058595,"orthographic":false}