{"cameraMode":{"drawMode":0,"name":"Shaded","section":"Shading Mode"},"sceneLighting":true,"audioPlay":false,"sceneViewState":{"m_AlwaysRefresh":false,"showFog":true,"showSkybox":true,"showFlares":true,"showImageEffects":true,"showParticleSystems":true,"showVisualEffectGraphs":true,"m_FxEnabled":true},"in2DMode":false,"pivot":{"x":2.2474870681762697,"y":-50.76641845703125,"z":40.2559928894043},"rotation":{"x":0.43188396096229555,"y":-0.048650048673152927,"z":0.02336890995502472,"w":0.9002477526664734},"size":45.34132385253906,"orthographic":false}