{"cameraMode":{"drawMode":0,"name":"Shaded","section":"Shading Mode"},"sceneLighting":true,"audioPlay":false,"sceneViewState":{"m_AlwaysRefresh":false,"showFog":true,"showSkybox":true,"showFlares":true,"showImageEffects":true,"showParticleSystems":true,"showVisualEffectGraphs":true,"m_FxEnabled":true},"in2DMode":false,"pivot":{"x":48.05801773071289,"y":-95.12120056152344,"z":109.09715270996094},"rotation":{"x":0.4256996810436249,"y":-0.012204410508275032,"z":0.005770046263933182,"w":0.9046894907951355},"size":95.65721893310547,"orthographic":false}