{"cameraMode":{"drawMode":0,"name":"Shaded","section":"Shading Mode"},"sceneLighting":true,"audioPlay":false,"sceneViewState":{"m_AlwaysRefresh":false,"showFog":true,"showSkybox":true,"showFlares":true,"showImageEffects":true,"showParticleSystems":true,"showVisualEffectGraphs":true,"m_FxEnabled":true},"in2DMode":false,"pivot":{"x":59.179561614990237,"y":-18.877300262451173,"z":55.808807373046878},"rotation":{"x":-0.1600905805826187,"y":0.8322067856788635,"z":-0.43199658393859866,"w":-0.30839627981185915},"size":68.30493927001953,"orthographic":false}